2020-05-09,Wow #PyRVA is super cool!
2020-05-09,Wow #PyRVA is super duper cool!
2020-05-09,Wow #PyRVA is super awesome!
2020-05-09,Wow #PyRVA is super rad!
2020-05-09,Wow #PyRVA is super noice!
2020-05-10,Wow #PyRVA is super cool!
2020-05-10,Wow #PyRVA is super cool!
2020-05-10,Wow #PyRVA is super cool!
2020-05-10,Wow #PyRVA is super cool!
2020-05-10,Wow #PyRVA is super cool!
2020-05-10,Wow #PyRVA is super cool!
2020-05-10,Wow #PyRVA is super cool!
2020-05-10,Wow #PyRVA is super cool!
2020-05-10,Wow #PyRVA is super cool!
2020-05-10,Wow #PyRVA is super cool!
2020-05-11,Wow #PyRVA is super cool!
2020-05-11,Wow #PyRVA is super cool!
2020-05-11,Wow #PyRVA is super cool!
2020-05-11,Wow #PyRVA is super cool!
2020-05-11,Wow #PyRVA is super cool!
2020-05-11,Wow #PyRVA is super cool!
2020-05-11,Wow #PyRVA is super cool!
2020-05-11,Wow #PyRVA is super cool!
2020-05-11,Wow #PyRVA is super cool!
2020-05-11,Wow #PyRVA is super cool!
2020-05-11,Wow #PyRVA is super cool!
2020-05-11,Wow #PyRVA is super cool!
2020-05-11,Wow #PyRVA is super cool!
2020-05-11,Wow #PyRVA is super cool!
2020-05-12,Wow #PyRVA is super cool!
2020-05-12,Wow #PyRVA is super cool!
2020-05-12,Wow #PyRVA is super cool!
2020-05-12,Wow #PyRVA is super cool!
2020-05-12,Wow #PyRVA is super cool!
2020-05-12,Wow #PyRVA is super cool!
2020-05-12,Wow #PyRVA is super cool!
2020-05-12,Wow #PyRVA is super cool!
2020-05-12,Wow #PyRVA is super cool!
2020-05-13,Wow #PyRVA is super cool!
2020-05-13,Wow #PyRVA is super cool!
2020-05-13,Wow #PyRVA is super cool!
2020-05-13,Wow #PyRVA is super cool!
2020-05-13,Wow #PyRVA is super cool!
2020-05-13,Wow #PyRVA is super cool!
2020-05-13,Wow #PyRVA is super cool!
2020-05-13,Wow #PyRVA is super cool!
2020-05-13,Wow #PyRVA is super cool!
2020-05-13,Wow #PyRVA is super cool!
2020-05-13,Wow #PyRVA is super cool!
2020-05-13,Wow #PyRVA is super cool!
2020-05-13,Wow #PyRVA is super cool!
2020-05-13,Wow #PyRVA is super cool!
2020-05-13,Wow #PyRVA is super cool!
2020-05-13,Wow #PyRVA is super cool!
2020-05-13,Wow #PyRVA is super cool!
2020-05-13,Wow #PyRVA is super cool!
2020-05-13,Wow #PyRVA is super cool!
2020-05-13,Wow #PyRVA is super cool!
2020-05-13,Wow #PyRVA is super cool!
2020-05-13,Wow #PyRVA is super cool!
2020-05-13,Wow #PyRVA is super cool!
2020-05-13,Wow #PyRVA is super cool!
2020-05-13,Wow #PyRVA is super cool!
2020-05-13,Wow #PyRVA is super cool!
2020-05-13,Wow #PyRVA is super cool!
2020-05-13,Wow #PyRVA is super cool!
2020-05-13,Wow #PyRVA is super cool!
2020-05-14,Wow #PyRVA is super cool!
2020-05-14,Wow #PyRVA is super cool!
2020-05-14,Wow #PyRVA is super cool!
2020-05-14,Wow #PyRVA is super cool!
2020-05-14,Wow #PyRVA is super cool!
2020-05-14,Wow #PyRVA is super cool!
2020-05-14,Wow #PyRVA is super cool!
2020-05-14,Wow #PyRVA is super cool!
2020-05-14,Wow #PyRVA is super cool!
2020-05-14,Wow #PyRVA is super cool!
2020-05-14,Wow #PyRVA is super cool!
2020-05-14,Wow #PyRVA is super cool!
2020-05-14,Wow #PyRVA is super cool!
2020-05-14,Wow #PyRVA is super cool!
2020-05-14,Wow #PyRVA is super cool!

